emoji,article,views,rank,year,month,day,date
â˜ ï¸,MF_Doom,1004559,3,2021,1,1,2021-01-01
ğŸ“º,Bridgerton,318450,3,2021,1,2,2021-01-02
ğŸ“º,Bridgerton,328590,3,2021,1,3,2021-01-03
â˜ ï¸,Tanya_Roberts,740570,3,2021,1,4,2021-01-04
â˜ ï¸,Tanya_Roberts,717282,3,2021,1,5,2021-01-05
ğŸ‡ºğŸ‡¸,Jon_Ossoff,1010513,3,2021,1,6,2021-01-06
ğŸ‡ºğŸ‡¸,Twenty-fifth_Amendment_to_the_United_States_Constitution,1045830,3,2021,1,7,2021-01-07
ğŸ’°,Elon_Musk,561264,3,2021,1,8,2021-01-08
ğŸ’°,Elon_Musk,347695,3,2021,1,9,2021-01-09
ğŸˆ,Taylor_Heinicke,674194,3,2021,1,10,2021-01-10
ğŸ‡ºğŸ‡¸,Insurrection_Act_of_1807,417139,3,2021,1,11,2021-01-11
ğŸ‡ºğŸ‡¸,Donald_Trump,320155,3,2021,1,12,2021-01-12
ğŸ‡ºğŸ‡¸,Donald_Trump,499139,3,2021,1,13,2021-01-13
ğŸ‡ºğŸ‡¸,Donald_Trump,381585,3,2021,1,14,2021-01-14
ğŸ“º,WandaVision,504530,3,2021,1,15,2021-01-15
ğŸ“º,Richard_Ramirez,563284,3,2021,1,16,2021-01-16
â˜ ï¸,Phil_Spector,949251,3,2021,1,17,2021-01-17
â˜ ï¸,Phil_Spector,620753,3,2021,1,18,2021-01-18
ğŸ“º,Richard_Ramirez,378614,3,2021,1,19,2021-01-19
ğŸ‡ºğŸ‡¸,Joe_Biden,2632513,2,2021,1,20,2021-01-20
ğŸ‡ºğŸ‡¸,Joe_Biden,1295147,3,2021,1,21,2021-01-21
â˜ ï¸,Hank_Aaron,550165,3,2021,1,22,2021-01-22
â˜ ï¸,Larry_King,1497544,2,2021,1,23,2021-01-23
â˜ ï¸,Larry_King,666409,3,2021,1,24,2021-01-24
ğŸˆ,Patrick_Mahomes,515311,3,2021,1,25,2021-01-25
ğŸ’¸,Larry_Hillblom,336863,3,2021,1,26,2021-01-26
â˜ ï¸,Cloris_Leachman,237830,3,2021,1,27,2021-01-27
â˜ ï¸,Cloris_Leachman,654719,3,2021,1,28,2021-01-28
â˜ ï¸,Cicely_Tyson,1753348,2,2021,1,29,2021-01-29
â˜ ï¸,Sophie_(musician),792850,3,2021,1,30,2021-01-30
â˜ ï¸,Sophie_(musician),414325,3,2021,1,31,2021-01-31
ğŸ¤¼â€â™‚ï¸,Royal_Rumble_(2021),1311544,3,2021,2,1,2021-02-01
â˜ ï¸,Dustin_Diamond,728807,3,2021,2,2,2021-02-02
â˜ ï¸,Captain_Tom,350051,3,2021,2,3,2021-02-03
ğŸ‡ºğŸ‡¸,Marjorie_Taylor_Greene,270245,3,2021,2,4,2021-02-04
â˜ ï¸,Christopher_Plummer,901043,3,2021,2,5,2021-02-05
â˜ ï¸,Christopher_Plummer,744856,3,2021,2,6,2021-02-06
ğŸˆ,Patrick_Mahomes,543087,3,2021,2,7,2021-02-07
ğŸˆ,Tom_Brady,2540273,2,2021,2,8,2021-02-08
â˜ ï¸,Rajiv_Kapoor,631384,3,2021,2,9,2021-02-09
â˜ ï¸,Rajiv_Kapoor,313635,3,2021,2,10,2021-02-10
ğŸš«,Gina_Carano,610178,3,2021,2,11,2021-02-11
ğŸ§§,Chinese_New_Year,361745,3,2021,2,12,2021-02-12
ğŸµ,Joss_Stone,519016,3,2021,2,13,2021-02-13
ğŸŒ¹,Valentine's_Day,567534,3,2021,2,14,2021-02-14
ğŸ“º,Death_of_Elisa_Lam,316169,3,2021,2,15,2021-02-15
â˜ ï¸,Vincent_Jackson,309802,3,2021,2,16,2021-02-16
â˜ ï¸,Rush_Limbaugh,1083352,3,2021,2,17,2021-02-17
â˜ ï¸,Rush_Limbaugh,862033,3,2021,2,18,2021-02-18
ğŸ“º,Agatha_Harkness,603322,3,2021,2,19,2021-02-19
ğŸ“º,Agatha_Harkness,677818,3,2021,2,20,2021-02-20
ğŸ¾,Novak_Djokovic,328228,3,2021,2,21,2021-02-21
ğŸ¨,Zitkala-Sa,688332,3,2021,2,22,2021-02-22
ğŸµ,Daft_Punk,612269,3,2021,2,23,2021-02-23
ğŸš—,Tiger_Woods,388723,3,2021,2,24,2021-02-24
ğŸ–¤,American_Civil_War_widows_who_survived_into_the_21st_century,195512,3,2021,2,25,2021-02-25
ğŸ“º,WandaVision,382743,3,2021,2,26,2021-02-26
ğŸ“º,WandaVision,329583,3,2021,2,27,2021-02-27
ğŸ“º,Dogma_(film),264053,3,2021,2,28,2021-02-28
ğŸ“º,78th_Golden_Globe_Awards,413858,3,2021,3,1,2021-03-01
ğŸš«,Dr._Seuss,219954,3,2021,3,2,2021-03-02
ğŸš«,Dr._Seuss,220544,3,2021,3,3,2021-03-03
âœï¸,Bible,161411,3,2021,3,4,2021-03-04
ğŸ“º,WandaVision,538624,3,2021,3,5,2021-03-05
ğŸ“º,Coming_2_America,476438,3,2021,3,6,2021-03-06
ğŸ¤¼â€â™‚ï¸,UFC_259,660523,3,2021,3,7,2021-03-07
ğŸ“º,"Meghan,_Duchess_of_Sussex",1013592,3,2021,3,8,2021-03-08
ğŸ“º,"Meghan,_Duchess_of_Sussex",764888,3,2021,3,9,2021-03-09
ğŸ¨,Wu_Lien-teh,551424,3,2021,3,10,2021-03-10
ğŸ“º,"Meghan,_Duchess_of_Sussex",283176,3,2021,3,11,2021-03-11
ğŸ“º,"Meghan,_Duchess_of_Sussex",192183,3,2021,3,12,2021-03-12
â˜ ï¸,Death_of_Sarah_Everard,199721,3,2021,3,13,2021-03-13
â˜ ï¸,Marvelous_Marvin_Hagler,551378,3,2021,3,14,2021-03-14
ğŸ†,63rd_Annual_Grammy_Awards,468234,3,2021,3,15,2021-03-15
ğŸµ,Sergio_Vega_(singer),226488,3,2021,3,16,2021-03-16
â˜˜ï¸,Saint_Patrick's_Day,656469,3,2021,3,17,2021-03-17
ğŸ“º,Zack_Snyder's_Justice_League,793550,3,2021,3,18,2021-03-18
ğŸ“º,Zack_Snyder's_Justice_League,853937,3,2021,3,19,2021-03-19
ğŸ“º,Zack_Snyder's_Justice_League,685456,3,2021,3,20,2021-03-20
ğŸ“º,Zack_Snyder's_Justice_League,602123,3,2021,3,21,2021-03-21
ğŸ“º,Zack_Snyder's_Justice_League,419715,3,2021,3,22,2021-03-22
ğŸ“º,Zack_Snyder's_Justice_League,294644,3,2021,3,23,2021-03-23
ğŸ”´,Aimee_Challenor,708718,3,2021,3,24,2021-03-24
â˜ ï¸,Jessica_Walter,455524,3,2021,3,25,2021-03-25
ğŸš¢,Suez_Canal,440655,3,2021,3,26,2021-03-26
ğŸš¢,Suez_Canal,462907,3,2021,3,27,2021-03-27
ğŸš¢,Suez_Canal,447188,3,2021,3,28,2021-03-28
ğŸš¢,Suez_Canal,630004,3,2021,3,29,2021-03-29
ğŸš¢,Suez_Canal,295723,3,2021,3,30,2021-03-30
ğŸ‡ºğŸ‡¸,Matt_Gaetz,537509,3,2021,3,31,2021-03-31
ğŸ“º,Godzilla_vs._Kong,675251,3,2021,4,1,2021-04-01
ğŸ“º,Godzilla_vs._Kong,482188,3,2021,4,2,2021-04-02
â˜ ï¸,DMX_(rapper),452320,3,2021,4,3,2021-04-03
â˜ ï¸,DMX_(rapper),542702,3,2021,4,4,2021-04-04
ğŸ¥,James_Hong_filmography,464499,3,2021,4,5,2021-04-05
â˜ ï¸,Paul_Ritter_(actor),633695,3,2021,4,6,2021-04-06
ğŸ“º,Ernest_Hemingway,251190,3,2021,4,7,2021-04-07
â˜ ï¸,Phillip_Adams_(American_football),499260,3,2021,4,8,2021-04-08
â˜ ï¸,"Prince_Philip,_Duke_of_Edinburgh",3872125,2,2021,4,9,2021-04-09
â˜ ï¸,"Prince_Philip,_Duke_of_Edinburgh",1597550,2,2021,4,10,2021-04-10
ğŸ¤¼â€â™‚ï¸,WrestleMania_37,769066,3,2021,4,11,2021-04-11
ğŸ¤¼â€â™‚ï¸,WrestleMania_37,698826,3,2021,4,12,2021-04-12
ğŸ¥,Brenda_Song,511485,3,2021,4,13,2021-04-13
â˜ ï¸,Bernie_Madoff,568407,3,2021,4,14,2021-04-14
â˜ ï¸,Bernie_Madoff,246830,3,2021,4,15,2021-04-15
â˜ ï¸,Helen_McCrory,1720276,2,2021,4,16,2021-04-16
â˜ ï¸,Vivek_(actor),1104072,3,2021,4,17,2021-04-17
ğŸ¤¼â€â™‚ï¸,Ben_Askren,479430,3,2021,4,18,2021-04-18
âš½,European_Super_League_(association_football),391944,3,2021,4,19,2021-04-19
âš–ï¸,Derek_Chauvin,816631,3,2021,4,20,2021-04-20
âš–ï¸,Derek_Chauvin,963135,3,2021,4,21,2021-04-21
ğŸŒ,Earth_Day,216287,3,2021,4,22,2021-04-22
â˜ ï¸,Shock_G,508545,3,2021,4,23,2021-04-23
ğŸ“º,Mortal_Kombat_(2021_film),742062,3,2021,4,24,2021-04-24
ğŸ“º,Mortal_Kombat_(2021_film),546424,3,2021,4,25,2021-04-25
ğŸ†,93rd_Academy_Awards,1060002,3,2021,4,26,2021-04-26
ğŸ“º,Nomadland_(film),197245,3,2021,4,27,2021-04-27
â˜ ï¸,Michael_Collins_(astronaut),203825,3,2021,4,28,2021-04-28
ğŸ‡ºğŸ‡¸,Tim_Scott,203283,3,2021,4,29,2021-04-29
â˜ ï¸,Rohit_Sardana,1172730,3,2021,4,30,2021-04-30
ğŸˆ,2021_NFL_Draft,502160,3,2021,5,1,2021-05-01
ğŸ—³ï¸,2016_West_Bengal_Legislative_Assembly_election,412823,3,2021,5,2,2021-05-02
ğŸ’”,Bill_Gates,295535,3,2021,5,3,2021-05-03
ğŸ’”,Bill_Gates,595234,3,2021,5,4,2021-05-04
ğŸª…,Cinco_de_Mayo,372062,3,2021,5,5,2021-05-05
ğŸ“º,David_Berkowitz,172587,3,2021,5,6,2021-05-06
ğŸ®,Resident_Evil_Village,233606,3,2021,5,7,2021-05-07
â˜ ï¸,Tawny_Kitaen,387895,3,2021,5,8,2021-05-08
ğŸ“º,Elon_Musk,811822,3,2021,5,9,2021-05-09
ğŸ“º,Elon_Musk,421118,3,2021,5,10,2021-05-10
ğŸ“º,Elon_Musk,226407,3,2021,5,11,2021-05-11
ğŸ‡µğŸ‡¸,Israeliâ€“Palestinian_conflict,377518,3,2021,5,12,2021-05-12
ğŸ‡®ğŸ‡±,Israeliâ€“Palestinian_conflict,370069,3,2021,5,13,2021-05-13
ğŸ“º,Radhe_(2021_film),287776,3,2021,5,14,2021-05-14
ğŸ“º,Halston,363063,3,2021,5,15,2021-05-15
ğŸ“º,Halston,428471,3,2021,5,16,2021-05-16
ğŸ“º,Miss_Universe_2020,446350,3,2021,5,17,2021-05-17
ğŸ“º,Eurovision_Song_Contest_2021,245718,3,2021,5,18,2021-05-18
â˜ ï¸,Charles_Grodin,271277,3,2021,5,19,2021-05-19
â˜ ï¸,Kentaro_Miura,571162,3,2021,5,20,2021-05-20
ğŸ“º,Army_of_the_Dead,366310,3,2021,5,21,2021-05-21
ğŸ“º,Eurovision_Song_Contest_2021,657156,3,2021,5,22,2021-05-22
ğŸ“º,Eurovision_Song_Contest_2021,545545,3,2021,5,23,2021-05-23
ğŸ“º,Eternals_(film),427957,3,2021,5,24,2021-05-24
ğŸ“·,Elliot_Page,339278,3,2021,5,25,2021-05-25
âš½,Villarreal_CF,257628,3,2021,5,26,2021-05-26
ğŸ“º,Friends:_The_Reunion,245743,3,2021,5,27,2021-05-27
ğŸ“º,Matthew_Perry,368191,3,2021,5,28,2021-05-28
ğŸ“º,Matthew_Perry,260987,3,2021,5,29,2021-05-29
ğŸ’‘,Boris_Johnson,313543,3,2021,5,30,2021-05-30
ğŸ“º,Mare_of_Easttown,304557,3,2021,5,31,2021-05-31
ğŸ”´,Tulsa_race_massacre,350315,3,2021,6,1,2021-06-01
ğŸ¨,Frank_Kameny,609543,3,2021,6,2,2021-06-02
ğŸ’¾,Microsoft_Office,181136,3,2021,6,3,2021-06-03
ğŸ“º,The_Family_Man_(Indian_TV_series),273197,3,2021,6,4,2021-06-04
ğŸ“º,The_Conjuring:_The_Devil_Made_Me_Do_It,349898,3,2021,6,5,2021-06-05
â˜ ï¸,T._B._Joshua,479410,3,2021,6,6,2021-06-06
ğŸ¤¼â€â™‚ï¸,Logan_Paul,538413,3,2021,6,7,2021-06-07
ğŸ’¾,Microsoft_Office,168962,3,2021,6,8,2021-06-08
ğŸ¨,Shirley_Temple,603128,3,2021,6,9,2021-06-09
ğŸ’¾,Microsoft_Office,252275,3,2021,6,10,2021-06-10
âš½,UEFA_Euro_2020,513944,3,2021,6,11,2021-06-11
âš½,Christian_Eriksen,1543729,2,2021,6,12,2021-06-12
ğŸ¾,Novak_Djokovic,471046,3,2021,6,13,2021-06-13
âš½,UEFA_Euro_2020,344667,3,2021,6,14,2021-06-14
âš½,UEFA_Euro_2020,326329,3,2021,6,15,2021-06-15
âš½,UEFA_Euro_2020,343250,3,2021,6,16,2021-06-16
ğŸ‡ºğŸ‡¸,Juneteenth,678808,3,2021,6,17,2021-06-17
ğŸ‡ºğŸ‡¸,Juneteenth,745415,3,2021,6,18,2021-06-18
â˜ ï¸,Milkha_Singh,682848,3,2021,6,19,2021-06-19
âš½,UEFA_Euro_2020,446657,3,2021,6,20,2021-06-20
âš½,UEFA_Euro_2020,633186,3,2021,6,21,2021-06-21
âš½,UEFA_Euro_2020,620854,3,2021,6,22,2021-06-22
âš½,UEFA_Euro_2020,1166002,3,2021,6,23,2021-06-23
â˜ ï¸,John_McAfee,1028112,3,2021,6,24,2021-06-24
ğŸ“,Benjamin_Bolger,305366,3,2021,6,25,2021-06-25
ğŸš«,Matt_Hancock,372584,3,2021,6,26,2021-06-26
âš½,UEFA_Euro_2020,461158,3,2021,6,27,2021-06-27
âš½,UEFA_Euro_2020,523491,3,2021,6,28,2021-06-28
âš½,UEFA_Euro_2020,644671,3,2021,6,29,2021-06-29
â˜ ï¸,Raj_Kaushal,456242,3,2021,6,30,2021-06-30
âš–ï¸,Bill_Cosby,278035,3,2021,7,1,2021-07-01
âš½,UEFA_Euro_2020,351837,3,2021,7,2,2021-07-02
ğŸ¨,Ludwig_Guttmann,507426,3,2021,7,3,2021-07-03
ğŸ‡ºğŸ‡¸,Independence_Day_(United_States),336754,3,2021,7,4,2021-07-04
ğŸ¾,Emma_Raducanu,414120,3,2021,7,5,2021-07-05
ğŸ”´,Murder_of_James_Bulger,641447,3,2021,7,6,2021-07-06
â˜ ï¸,Dilip_Kumar,1616679,2,2021,7,7,2021-07-07
â˜ ï¸,Dilip_Kumar,520365,3,2021,7,8,2021-07-08
ğŸ“º,Black_Widow_(2021_film),606312,3,2021,7,9,2021-07-09
ğŸ¾,Ashleigh_Barty,713380,3,2021,7,10,2021-07-10
âš½,Copa_AmÃ©rica,903538,3,2021,7,11,2021-07-11
âš½,UEFA_Euro_2020,422235,3,2021,7,12,2021-07-12
ğŸ“º,Black_Widow_(2021_film),228046,3,2021,7,13,2021-07-13
ğŸ“º,Loki_(TV_series),512249,3,2021,7,14,2021-07-14
ğŸ“º,Kang_the_Conqueror,407277,3,2021,7,15,2021-07-15
ğŸ“º,Space_Jam:_A_New_Legacy,248325,3,2021,7,16,2021-07-16
â˜ ï¸,Biz_Markie,615710,3,2021,7,17,2021-07-17
â›³,Collin_Morikawa,514816,3,2021,7,18,2021-07-18
ğŸ¤¼â€â™‚ï¸,Money_in_the_Bank_(2021),514632,3,2021,7,19,2021-07-19
ğŸš€,Jeff_Bezos,407283,3,2021,7,20,2021-07-20
ğŸ€,Giannis_Antetokounmpo,1262145,3,2021,7,21,2021-07-21
ğŸ€,Giannis_Antetokounmpo,297694,3,2021,7,22,2021-07-22
ğŸ…,2020_Summer_Olympics,518298,3,2021,7,23,2021-07-23
ğŸ…,2020_Summer_Olympics,685967,3,2021,7,24,2021-07-24
ğŸ…,2020_Summer_Olympics,640602,3,2021,7,25,2021-07-25
ğŸŠâ€â™‚ï¸,Tom_Daley,659782,3,2021,7,26,2021-07-26
ğŸ…,2020_Summer_Olympics,588049,3,2021,7,27,2021-07-27
â˜ ï¸,Joey_Jordison,605168,3,2021,7,28,2021-07-28
ğŸ¤¸,Sunisa_Lee,541258,3,2021,7,29,2021-07-29
ğŸ…,2020_Summer_Olympics,457003,3,2021,7,30,2021-07-30
ğŸ…,2020_Summer_Olympics,457511,3,2021,7,31,2021-07-31
ğŸƒ,Marcell_Jacobs,699068,3,2021,8,1,2021-08-01
ğŸ…,2020_Summer_Olympics,474846,3,2021,8,2,2021-08-02
ğŸ…,2020_Summer_Olympics,434456,3,2021,8,3,2021-08-03
ğŸ›¹,Sky_Brown,528186,3,2021,8,4,2021-08-04
ğŸ…,2020_Summer_Olympics,442837,3,2021,8,5,2021-08-05
ğŸ“º,The_Suicide_Squad_(film),575787,3,2021,8,6,2021-08-06
ğŸ…,Neeraj_Chopra,1589952,2,2021,8,7,2021-08-07
ğŸ…,Neeraj_Chopra,653368,3,2021,8,8,2021-08-08
ğŸ“º,The_Suicide_Squad_(film),418182,3,2021,8,9,2021-08-09
âš½,Lionel_Messi,470414,3,2021,8,10,2021-08-10
âš½,Lionel_Messi,334695,3,2021,8,11,2021-08-11
â˜ ï¸,Una_Stubbs,347815,3,2021,8,12,2021-08-12
ğŸ‡¦ğŸ‡«,Taliban,288168,3,2021,8,13,2021-08-13
ğŸ‡¦ğŸ‡«,Taliban,307322,3,2021,8,14,2021-08-14
ğŸ‡¦ğŸ‡«,Taliban,1311400,3,2021,8,15,2021-08-15
ğŸ‡¦ğŸ‡«,Taliban,1951627,2,2021,8,16,2021-08-16
ğŸ‡¦ğŸ‡«,Taliban,1316748,3,2021,8,17,2021-08-17
â˜ ï¸,Sean_Lock,882711,3,2021,8,18,2021-08-18
ğŸ‡¦ğŸ‡«,Taliban,407338,3,2021,8,19,2021-08-19
ğŸ‡¦ğŸ‡«,Taliban,290851,3,2021,8,20,2021-08-20
ğŸ‡¦ğŸ‡«,Taliban,222100,3,2021,8,21,2021-08-21
ğŸ¤¼â€â™‚ï¸,SummerSlam_(2021),732995,3,2021,8,22,2021-08-22
â˜ ï¸,Jimmy_Hayes_(ice_hockey),171220,3,2021,8,23,2021-08-23
â˜ ï¸,Charlie_Watts,813281,3,2021,8,24,2021-08-24
â˜ ï¸,Charlie_Watts,555747,3,2021,8,25,2021-08-25
âš½,2021â€“22_UEFA_Champions_League,200248,3,2021,8,26,2021-08-26
âš½,Cristiano_Ronaldo,968667,3,2021,8,27,2021-08-27
âš½,Cristiano_Ronaldo,581929,3,2021,8,28,2021-08-28
ğŸµ,Donda_(album),583012,3,2021,8,29,2021-08-29
â˜ ï¸,Ed_Asner,415921,3,2021,8,30,2021-08-30
ğŸ•µï¸,Noor_Inayat_Khan,306256,3,2021,8,31,2021-08-31
âš½,Cristiano_Ronaldo,204999,3,2021,9,1,2021-09-01
â˜ ï¸,Sidharth_Shukla,2102579,2,2021,9,2,2021-09-02
â˜ ï¸,Sidharth_Shukla,528642,3,2021,9,3,2021-09-03
ğŸ“º,Shang-Chi_and_the_Legend_of_the_Ten_Rings,436762,3,2021,9,4,2021-09-04
â˜ ï¸,Sarah_Harding,605428,3,2021,9,5,2021-09-05
â˜ ï¸,Michael_K._Williams,880835,3,2021,9,6,2021-09-06
â˜ ï¸,Michael_K._Williams,1202267,3,2021,9,7,2021-09-07
ğŸ¨,Avicii,642056,3,2021,9,8,2021-09-08
ğŸ¥,Steve_Burns,379127,3,2021,9,9,2021-09-09
ğŸ¾,Emma_Raducanu,844151,3,2021,9,10,2021-09-10
ğŸ¾,Emma_Raducanu,1358631,2,2021,9,11,2021-09-11
ğŸ¾,Emma_Raducanu,1250376,3,2021,9,12,2021-09-12
ğŸ¾,Emma_Raducanu,446110,3,2021,9,13,2021-09-13
â˜ ï¸,Norm_Macdonald,989607,3,2021,9,14,2021-09-14
â˜ ï¸,Norm_Macdonald,1038965,3,2021,9,15,2021-09-15
â˜ ï¸,Norm_Macdonald,355024,3,2021,9,16,2021-09-16
ğŸ¨,Michiyo_Tsujimura,327057,3,2021,9,17,2021-09-17
âš–ï¸,Robert_Durst,232169,3,2021,9,18,2021-09-18
â˜ ï¸,Jimmy_Greaves,469828,3,2021,9,19,2021-09-19
â˜ ï¸,Disappearance_of_Gabby_Petito,674784,3,2021,9,20,2021-09-20
ğŸ—³ï¸,2021_Canadian_federal_election,623058,3,2021,9,21,2021-09-21
â˜ ï¸,Willie_Garson,1027020,3,2021,9,22,2021-09-22
ğŸ“º,Squid_Game,387829,3,2021,9,23,2021-09-23
ğŸ“º,Squid_Game,412801,3,2021,9,24,2021-09-24
ğŸ¨,Christopher_Reeve,1064033,3,2021,9,25,2021-09-25
ğŸ“º,Squid_Game,570608,3,2021,9,26,2021-09-26
ğŸ“º,Squid_Game,572910,3,2021,9,27,2021-09-27
ğŸ“º,Squid_Game,595832,3,2021,9,28,2021-09-28
ğŸ“º,Squid_Game,714864,3,2021,9,29,2021-09-29
ğŸ“º,Squid_Game,695259,3,2021,9,30,2021-09-30
ğŸ“º,Squid_Game,706299,3,2021,10,1,2021-10-01
ğŸ“º,Squid_Game,820077,3,2021,10,2,2021-10-02
ğŸ“º,Squid_Game,889821,3,2021,10,3,2021-10-03
ğŸ“º,Squid_Game,832259,3,2021,10,4,2021-10-04
ğŸ“º,Squid_Game,830498,3,2021,10,5,2021-10-05
ğŸ“º,Squid_Game,764624,3,2021,10,6,2021-10-06
ğŸ“º,Squid_Game,735780,3,2021,10,7,2021-10-07
ğŸ“º,Squid_Game,660226,3,2021,10,8,2021-10-08
ğŸ“º,Squid_Game,648045,3,2021,10,9,2021-10-09
ğŸ¥Š,Tyson_Fury,975558,3,2021,10,10,2021-10-10
ğŸ“º,Squid_Game,603526,3,2021,10,11,2021-10-11
ğŸ“º,Squid_Game,532162,3,2021,10,12,2021-10-12
ğŸ“º,Squid_Game,530377,3,2021,10,13,2021-10-13
ğŸ“º,Squid_Game,473500,3,2021,10,14,2021-10-14
â˜ ï¸,David_Amess,741661,3,2021,10,15,2021-10-15
ğŸ“º,Squid_Game,414038,3,2021,10,16,2021-10-16
ğŸ“º,Squid_Game,458604,3,2021,10,17,2021-10-17
â˜ ï¸,Colin_Powell,1375210,3,2021,10,18,2021-10-18
â˜ ï¸,Colin_Powell,528769,3,2021,10,19,2021-10-19
ğŸ“º,Squid_Game,303020,3,2021,10,20,2021-10-20
ğŸ¤¼â€â™‚ï¸,Crown_Jewel_(2021),454365,3,2021,10,21,2021-10-21
ğŸ”´,Alec_Baldwin,911875,3,2021,10,22,2021-10-22
ğŸ“º,Dune_(2021_film),627535,3,2021,10,23,2021-10-23
ğŸ“º,Dune_(2021_film),625886,3,2021,10,24,2021-10-24
ğŸ¨,Claude_Cahun,520553,3,2021,10,25,2021-10-25
ğŸ“º,Dune_(2021_film),360738,3,2021,10,26,2021-10-26
ğŸ“º,Dune_(2021_film),313448,3,2021,10,27,2021-10-27
ğŸ¨,KanÅ_JigorÅ,274030,3,2021,10,28,2021-10-28
â˜ ï¸,Puneeth_Rajkumar,2341755,2,2021,10,29,2021-10-29
â˜ ï¸,Puneeth_Rajkumar,904661,3,2021,10,30,2021-10-30
ğŸ‘»,Halloween,589953,3,2021,10,31,2021-10-31
ğŸ¥,Kal_Penn,290240,3,2021,11,1,2021-11-01
ğŸ“º,Jai_Bhim_(film),260748,3,2021,11,2,2021-11-02
ğŸ‡ºğŸ‡¸,Glenn_Youngkin,468877,3,2021,11,3,2021-11-03
ğŸª”,Diwali,433313,3,2021,11,4,2021-11-04
ğŸ“º,Eternals_(film),566556,3,2021,11,5,2021-11-05
ğŸ“º,Eternals_(film),500883,3,2021,11,6,2021-11-06
ğŸ¤¼â€â™‚ï¸,UFC_268,515449,3,2021,11,7,2021-11-07
ğŸ¨,Kamal_Ranadive,413902,3,2021,11,8,2021-11-08
ğŸµ,Travis_Scott,232910,3,2021,11,9,2021-11-09
âš–ï¸,Kenosha_unrest_shooting,427624,3,2021,11,10,2021-11-10
âš–ï¸,Kenosha_unrest_shooting,491644,3,2021,11,11,2021-11-11
âš–ï¸,Kenosha_unrest_shooting,286727,3,2021,11,12,2021-11-12
ğŸ“º,Shang-Chi_and_the_Legend_of_the_Ten_Rings,334183,3,2021,11,13,2021-11-13
ğŸ,ICC_Men's_T20_World_Cup,286758,3,2021,11,14,2021-11-14
âš–ï¸,Adele,715608,3,2021,11,15,2021-11-15
âš½,2022_FIFA_World_Cup_qualification_(UEFA),289156,3,2021,11,16,2021-11-16
â˜ ï¸,Young_Dolph,541868,3,2021,11,17,2021-11-17
â˜ ï¸,Young_Dolph,448254,3,2021,11,18,2021-11-18
âš–ï¸,Kenosha_unrest_shooting,806769,3,2021,11,19,2021-11-19
âš–ï¸,Kenosha_unrest_shooting,986906,3,2021,11,20,2021-11-20
âš–ï¸,Adele,351843,3,2021,11,21,2021-11-21
ğŸ“º,Survivor_Series_(2021),351798,3,2021,11,22,2021-11-22
ğŸ¤°,Choi_Tae-joon,222306,3,2021,11,23,2021-11-23
âš–ï¸,Killing_of_Ahmaud_Arbery,375207,3,2021,11,24,2021-11-24
âš½,Ralf_Rangnick,959235,3,2021,11,25,2021-11-25
âš½,Ralf_Rangnick,464786,3,2021,11,26,2021-11-26
â˜ ï¸,Stephen_Sondheim,713415,3,2021,11,27,2021-11-27
â˜ ï¸,Virgil_Abloh,685581,3,2021,11,28,2021-11-28
â˜ ï¸,Virgil_Abloh,643694,3,2021,11,29,2021-11-29
ğŸ”ª,Pedro_Rodrigues_Filho,332816,3,2021,12,1,2021-12-01
ğŸ¨,Georges_Seurat,263190,3,2021,12,2,2021-12-02
ğŸ“º,Cleopatra,153267,3,2021,12,3,2021-12-03
ğŸ,Ajaz_Patel,337272,3,2021,12,4,2021-12-04
â˜ ï¸,Bob_Dole,337184,3,2021,12,5,2021-12-05
â˜ ï¸,Bob_Dole,337620,3,2021,12,6,2021-12-06
ğŸ’‘,Vicky_Kaushal,214435,3,2021,12,7,2021-12-07
â˜ ï¸,Bipin_Rawat,1913753,2,2021,12,8,2021-12-08
â˜ ï¸,Bipin_Rawat,804072,3,2021,12,9,2021-12-09
â˜ ï¸,Demaryius_Thomas,839109,3,2021,12,10,2021-12-10
â˜ ï¸,Michael_Nesmith,286356,3,2021,12,11,2021-12-11
ğŸ¤¼,UFC_269,482365,3,2021,12,12,2021-12-12
ğŸ†,Harnaaz_Sandhu,685548,3,2021,12,13,2021-12-13